text,label
This movie was fantastic! Highly recommend.,positive
"An excellent experience, loved it.",positive
Absolutely amazing! Would watch again.,positive
A brilliant and emotional journey.,positive
Superb direction and storytelling.,positive
I loved the characters and the acting.,positive
Heartwarming and beautifully shot.,positive
Wonderful! One of the best I've seen.,positive
A true masterpiece.,positive
"Totally worth it, highly enjoyable.",positive
This movie was fantastic! Highly recommend.,positive
"An excellent experience, loved it.",positive
Absolutely amazing! Would watch again.,positive
A brilliant and emotional journey.,positive
Superb direction and storytelling.,positive
I loved the characters and the acting.,positive
Heartwarming and beautifully shot.,positive
Wonderful! One of the best I've seen.,positive
A true masterpiece.,positive
"Totally worth it, highly enjoyable.",positive
This movie was fantastic! Highly recommend.,positive
"An excellent experience, loved it.",positive
Absolutely amazing! Would watch again.,positive
A brilliant and emotional journey.,positive
Superb direction and storytelling.,positive
I loved the characters and the acting.,positive
Heartwarming and beautifully shot.,positive
Wonderful! One of the best I've seen.,positive
A true masterpiece.,positive
"Totally worth it, highly enjoyable.",positive
This movie was fantastic! Highly recommend.,positive
"An excellent experience, loved it.",positive
Absolutely amazing! Would watch again.,positive
A brilliant and emotional journey.,positive
Superb direction and storytelling.,positive
I loved the characters and the acting.,positive
Heartwarming and beautifully shot.,positive
Wonderful! One of the best I've seen.,positive
A true masterpiece.,positive
"Totally worth it, highly enjoyable.",positive
This movie was fantastic! Highly recommend.,positive
"An excellent experience, loved it.",positive
Absolutely amazing! Would watch again.,positive
A brilliant and emotional journey.,positive
Superb direction and storytelling.,positive
I loved the characters and the acting.,positive
Heartwarming and beautifully shot.,positive
Wonderful! One of the best I've seen.,positive
A true masterpiece.,positive
"Totally worth it, highly enjoyable.",positive
This movie was fantastic! Highly recommend.,positive
"An excellent experience, loved it.",positive
Absolutely amazing! Would watch again.,positive
A brilliant and emotional journey.,positive
Superb direction and storytelling.,positive
I loved the characters and the acting.,positive
Heartwarming and beautifully shot.,positive
Wonderful! One of the best I've seen.,positive
A true masterpiece.,positive
"Totally worth it, highly enjoyable.",positive
This movie was fantastic! Highly recommend.,positive
"An excellent experience, loved it.",positive
Absolutely amazing! Would watch again.,positive
A brilliant and emotional journey.,positive
Superb direction and storytelling.,positive
I loved the characters and the acting.,positive
Heartwarming and beautifully shot.,positive
Wonderful! One of the best I've seen.,positive
A true masterpiece.,positive
"Totally worth it, highly enjoyable.",positive
This movie was fantastic! Highly recommend.,positive
"An excellent experience, loved it.",positive
Absolutely amazing! Would watch again.,positive
A brilliant and emotional journey.,positive
Superb direction and storytelling.,positive
I loved the characters and the acting.,positive
Heartwarming and beautifully shot.,positive
Wonderful! One of the best I've seen.,positive
A true masterpiece.,positive
"Totally worth it, highly enjoyable.",positive
This movie was fantastic! Highly recommend.,positive
"An excellent experience, loved it.",positive
Absolutely amazing! Would watch again.,positive
A brilliant and emotional journey.,positive
Superb direction and storytelling.,positive
I loved the characters and the acting.,positive
Heartwarming and beautifully shot.,positive
Wonderful! One of the best I've seen.,positive
A true masterpiece.,positive
"Totally worth it, highly enjoyable.",positive
This movie was fantastic! Highly recommend.,positive
"An excellent experience, loved it.",positive
Absolutely amazing! Would watch again.,positive
A brilliant and emotional journey.,positive
Superb direction and storytelling.,positive
I loved the characters and the acting.,positive
Heartwarming and beautifully shot.,positive
Wonderful! One of the best I've seen.,positive
A true masterpiece.,positive
"Totally worth it, highly enjoyable.",positive
I hated the plot. It was so boring.,negative
The worst film I've ever seen.,negative
Terrible. Waste of time.,negative
A complete disappointment.,negative
Awful acting and direction.,negative
Poorly written and executed.,negative
Boring from start to finish.,negative
Would not recommend.,negative
Absolutely dreadful.,negative
Save your time and skip this one.,negative
I hated the plot. It was so boring.,negative
The worst film I've ever seen.,negative
Terrible. Waste of time.,negative
A complete disappointment.,negative
Awful acting and direction.,negative
Poorly written and executed.,negative
Boring from start to finish.,negative
Would not recommend.,negative
Absolutely dreadful.,negative
Save your time and skip this one.,negative
I hated the plot. It was so boring.,negative
The worst film I've ever seen.,negative
Terrible. Waste of time.,negative
A complete disappointment.,negative
Awful acting and direction.,negative
Poorly written and executed.,negative
Boring from start to finish.,negative
Would not recommend.,negative
Absolutely dreadful.,negative
Save your time and skip this one.,negative
I hated the plot. It was so boring.,negative
The worst film I've ever seen.,negative
Terrible. Waste of time.,negative
A complete disappointment.,negative
Awful acting and direction.,negative
Poorly written and executed.,negative
Boring from start to finish.,negative
Would not recommend.,negative
Absolutely dreadful.,negative
Save your time and skip this one.,negative
I hated the plot. It was so boring.,negative
The worst film I've ever seen.,negative
Terrible. Waste of time.,negative
A complete disappointment.,negative
Awful acting and direction.,negative
Poorly written and executed.,negative
Boring from start to finish.,negative
Would not recommend.,negative
Absolutely dreadful.,negative
Save your time and skip this one.,negative
I hated the plot. It was so boring.,negative
The worst film I've ever seen.,negative
Terrible. Waste of time.,negative
A complete disappointment.,negative
Awful acting and direction.,negative
Poorly written and executed.,negative
Boring from start to finish.,negative
Would not recommend.,negative
Absolutely dreadful.,negative
Save your time and skip this one.,negative
I hated the plot. It was so boring.,negative
The worst film I've ever seen.,negative
Terrible. Waste of time.,negative
A complete disappointment.,negative
Awful acting and direction.,negative
Poorly written and executed.,negative
Boring from start to finish.,negative
Would not recommend.,negative
Absolutely dreadful.,negative
Save your time and skip this one.,negative
I hated the plot. It was so boring.,negative
The worst film I've ever seen.,negative
Terrible. Waste of time.,negative
A complete disappointment.,negative
Awful acting and direction.,negative
Poorly written and executed.,negative
Boring from start to finish.,negative
Would not recommend.,negative
Absolutely dreadful.,negative
Save your time and skip this one.,negative
I hated the plot. It was so boring.,negative
The worst film I've ever seen.,negative
Terrible. Waste of time.,negative
A complete disappointment.,negative
Awful acting and direction.,negative
Poorly written and executed.,negative
Boring from start to finish.,negative
Would not recommend.,negative
Absolutely dreadful.,negative
Save your time and skip this one.,negative
I hated the plot. It was so boring.,negative
The worst film I've ever seen.,negative
Terrible. Waste of time.,negative
A complete disappointment.,negative
Awful acting and direction.,negative
Poorly written and executed.,negative
Boring from start to finish.,negative
Would not recommend.,negative
Absolutely dreadful.,negative
Save your time and skip this one.,negative
